{
    "loss": 28.817768096923828,
    "accuracy": 0.9895833134651184
}